feasibility,description
1,Have a washing machine that can detect if clothes have stains and let users know which items have stains before you dry them.
1,Have a removable laundry basket that the clothes can be added/removed in.
1,Create program to help people understand how their washer works and how they can perform their own repairs.
1,Change the way that water is filtered out of the washing machine using bio-inspired design based on the way that camel nose's hold water.
0,"Create a new detergent that doesn't require the ""washing"" motion and instead just needs soaking in water."
1,The machine saves preferred load settings for a faster setup.
1,Use water spray jets instead of water pumps.
0,Repurposed the heat generated by washer to power dryer.
1,The machine is manufactured from parts that generate less electronic waste and is easy to take apart and recycle.
1,"For improving manufacturing operations, there can various ways to improve the assembly line, like the top panel is assembled automatically (through a robotic arm) right after the door in assembled to save time."
1,Have colorful and patterned exterior to increase appeal.
1,"Have extra long spin cycle. Although this would actually increase the energy used by the washer, it could decrease the energy used for drying the clothes, perhaps making it easier to line dry them."
1,Make parts non-manufacturer specific so parts can easily be replaced.
1,Have washing rubber balls that can be physically put into washing machine and increase the cleaning effects.
0,"Place a small water tank for the washer next to the house's heater or oven. When the washer is not being used, the water will just sit there. When one desires to do laundry the water will come from this tank and will not need to be heated."
0,Use light-weight plastic drum for efficiency.
1,Sense the load automatically and automatically determines the time to wash (This can avoid user choosing inappropriate washing cycle and wasting energy).
0,"Add sensors that detect how soapy the water is, so that the machine doesn't use more soap than required. Basically like titration -- make sure that you're adding just enough soap to fight the dirt in the load."
0,Develop materials that can clean the clothes with no water or minimal water.
0,Use mechanism that is similar to car washing tool that uses less water.
1,Have internal components that could absorb color dye to reduce number of loads due to separating clothes by color.
1,Use front-loading.
1,The machine has programmable wash settings.
0,Use better soap that don't require heat or rinse.
1,Have a quiet washing machine.
0,"Look at new high performance plastics instead of metal forming, which could increase durability and manufacturability."
1,Use simpler process with fewer options. Make the machine more autonomous.
1,Have the washer with cabinet made out of plastic that can be 3D printed or molded to eliminate parts of the manufacturing process. This also reduces the parts needed for the assembly.
1,Incorporate a generator that is run by the rotating motion to reduce the electricity usage of other appliance.
1,Use reclaimed water as the weight in the washer instead of concrete. Save on shipping costs.
1,Introduce washing machines of different sizes for different washing functions.
1,"From environmental perspective, instead of focusing on selling a machine to all users, create a hubs where users can drop off their clothes. Adding a functionality of controlling the machine at the hub using cellphones can be appealing to users."
1,Have a washing machine that automatically separates light clothes from dark clothes.
1,Power washing machines by wind and sun. Load washer early in the day and only start when conditions are optimal (lots of wind and/or sun).
1,"The machine definitely has to be smart, meaning it should learn from the user's habits and adjust. Also, it should be actively adjusting its washing cycle in order to attain maximum performance overall. For example, it could constantly monitor water content (being rougher or softer) and adjust it's washing cycle accordingly."
0,We can generate electricity from the refrigerator conceptually as a thermodynamically cycle. So we can use it as a power source in washing machine.
0,Wash the cloths somehow that they are not needed to be ironed.
1,Design for fully robotic manufacture and disassembly for improved lifecycle.
0,Use water pressure from the tap to assist tumbling motor.
1,Have a spot cleaning station so that you can use less water in the minimum load.
0,Use bio-materials with less weight to reduce the weight.
1,Limit the amount of different types of material used.
1,Have a washing machine with a sorting feature to recognize and separate clothing with different wash cycle settings.
1,Baked on paint sounds like it would take extra energy usage to do the baking. Replacing it with simply spray-on paint would save on manufacturing costs.
1,Have the machine run off of reusable energy.
1,"Provide a label indicating a full load, encouraging users to avoid washing small loads and wasting water."
1,Amount of required detergent is indicated by a line based on the load amount.
1,"Change classic ""spin cycle"" style to see if there is a better agitation method."
1,Have neighbors share washers and use internet alert system or schedule so people known when it is free to use.
1,Machine measures weight of clothes loaded and adjusts the amount of water and detergent use accordingly.
1,Have a ventilation system to prevent mold from forming inside washer when door is closed between loads.
1,Use smart temperature setting based on the level of dirt and loading.
1,Make parts easily replaceable so that repair is low-cost and only some parts need to be renewed every few years as opposed to the whole machine.
1,Use organic biodegradable paints could be used to reduce the environmental impact.
1,Use better wash preset for more efficient wash.
1,Make the washing machine smart.
1,Re-purpose old washers.
1,Sense water cleanliness to determine if it can be reused.
1,Make a mini washing machine that attaches to your bike with a cylindrical frame that rolls like a wheel as you ride and tumbles the clothing.
1,Have a shake phase to remove most dirt.
1,Have real time water consumption feedback to the user as a subjective norm in order to motivate them to conserve water.
1,Route water through filter and reuse it.
1,"The washing machine could be repackaged, optimized such that the center of mass is closer to the middle than on the side. Actually if the motor is placed horizontally below the drum with the force transmitted via gears, we wouldn't need a concrete block or maybe even the shock absorbers (friction with the floor wouldn't let the machine to rotate). Machine with fewer components is definitely more sustainable, especially without the concrete block."
1,"Incorporate remote functionality, i.e. from a phone."
1,A hybrid system which adopts water and bead technologies to clean clothing.
1,Design with the current manufacturing capabilities of the factory in mind.
1,Paint machines with different organic colors so the machines appeal to users.
0,"Improve the efficiency of washing by creating new washing methods, such as using dry cleaning or using steamed water instead of liquid water."
1,Do research to find a perfect ration to mix detergent and water in order to increase the efficiency of detergent.
1,"Shorten the wash time or provide more options for wash settings, so users can have a very short wash per se if they only have a few items compared with the traditional ""small load"" which often still uses a fair amount of water."
1,Use sensors to stop the wash when the clothes are clean so that they do not wear out.
1,"Have a washing machine that incorporates a new kind of motion to remove dirt from clothes, like impulse jets of water rather than large quantities of water being poured into the spinning drum."
1,Have cars that can use the mechanical movement to wash clothes
1,Use smart tap.
1,Have unique user interface to make interaction with the washing machine simpler. Perhaps incorporate a children's single button setting so parents could help children begin to do laundry as a chore at a young age.
1,"Systems that wash clothes in fundamentally new ways, such as using UV light to kill bacteria, or different additives that reduce the need for water use."
1,Remove physical buttons and replace them with a touchscreen that only powers on when needed.
1,Make the washing delicate so the clothes will last longer.
1,"Reduce number of required inputs for user, and remove options to use hot water."
1,"Run the machine based on two power sources, an AC household supply and a battery based supply that is connected to an existing home exercise machine."
0,Do experiments with other types of fluids for washing clothes. Perhaps there is a fluid out there that can be reused many times unlike water where we get rid of it afterwards.
1,Design a portable machine with modular components which can be assembled easily.
1,Have drum that can slide out with clothes as if it was the hamper and directly dump into dryer.
1,Provide readable statistics on how much water and energy is used vs others.
1,Manufacture washing machines with recycled parts.
1,"Use algorithm for calculating when is the best time to wash, how much load to put in, to maximize the usage of water and energy."
1,Pre-mix soap and water to ensure dry detergent is not left on clothes if using power detergent and concentrated detergent is not in contact with clothes if using liquid detergent.
1,Use better bearings.
1,"Attract users by increasing automation in the washing machines. For example, combining washer and dryer into a single machine."
1,Combine washer and dryer to save space.
1,Add attachments such as protein shaker that can make use of the movement of the machine.
1,Use some centrifuge to filter some of the dirty water and cycle that back into the wash to reduce water use.
1,"Utilize water from other home appliances, or use waste water from washing for other uses. This could include using water from the washer to then wash dishes, or implementing a greywater system to water the lawn (after removal of excess soap/detergent)."
1,When designing the polymer beads that may ultimately replace water within the washing machine it will be extremely important to insure that the lifecycle analysis of these beads does in fact result in a net reduction in water use If not then the current methods are still more desirable.
1,Have larger door for better access to clothing.
1,Give text alert for completion of laundry load.
1,More drying functions to reduce the damage of the clothes.
1,The machine is front loaded to save water and be better for clothes.
1,"Front load is more efficient but harder on back, so look at new loading techniques that are more ergonomic."
1,"Add upgrades to old machines to make them more energy/water efficient, rather than starting from scratch."
1,Have a sensor inside of the washing machine that adjusts the power needed to spin the drum be dependent on the weight of the clothes that have been loaded into the machine.
0,Try different designs and shapes for designing the washing tub such that it is more efficient and user friendly.
1,Reuse water for a few loads of laundry before sending it into the sewer.
1,Use polymer beads as an alternative of detergent.
1,Provide attachments for a hand wash mode when only a few items need to be washed.
1,"If a rotating drum is used, such that it can be powered by legs, then bicycle parts can be used. This makes manufacturing easier and as it provides some exercise, it can be appealing to the users."
0,"Have a machine that is powered by biofuels, such as garden trimmings and stuff that the user likely already has access to."
1,The machine recommends different setting for how to wash loads.
1,Have a spherical washing machine that can be used in outdoor activities
1,Design curvature and colors that produce happiness. Make the machine look sleek and modern.
1,Use squeeze mechanism for removing water.
1,Use sensor to keep track of water and power consumption.
1,"Add inserts into the washer to aid in passive agitation, as opposed to shaking the entire load like current front-loaders do. This would require fluid dynamic analysis."
1,See if there is a better method of driving the drum compared to the stator-rotor motor design.
1,Maintenance team that regularly checks on machine to make machines last longer.
1,"Waste water from the other resources can be entered into the machine, purified and reused."
1,Develop new materials used for washing clothes which are more environment friendly.
1,Use rubber gasket sealed inlet channel so that dirty laundry can travel straight from the laundry chute into the washing machine.
1,Like a sea anemone of squishy little arms sticking out from the walls to help clean the clothes.
1,Make washing machines out of recycled metal.
1,Use minimalist design.
1,Perform a study on optimal washing techniques to observe if the current model is the most efficient method. This provides the potential for a complete redesign of the washing cycle.
1,"Non-electric machine that uses hand crank to induce spin cycle. Water usage is restricted by size of machine. Maybe users can have two separate water tanks that stores soapy water, rinse water, and clean water. These water tanks can be used for up to three or four loads so that it reduces water usage."
1,Automatically load washing machine.
0,Add energy harvesting tech to regain lost energy in the washing machine.
1,Futuristic curb appeal can be easily created with LED lighting instead of painting materials - saves material and very low energy impact
1,Reduce water usage by using the waste water from washing machine for garden cleaning.
1,"Have internal lights that change color during the wash cycle, located inside drum (ideally for front loading washer) so that the light projects out."
1,Use better actuating mechanism.
1,Have an insert that shrinks the size of the effective drum for a small load.
1,Have an adaptor for solar panel that can be placed outside.
1,Have a washing machine that restricts water flow to be minimal (only what is necessary to complete wash cycle). Use less detergent so that fabrics require less water usage for rinsing.
1,Use cold and warm cycles only to reduce energy usage
1,Build non-load carrying parts from recycled materials to reduce cost of the machine for customers.
1,Additional hybrid modes between the ones they already have could be marketable to people who don't have the time to sort their laundry.
1,"In the age of autonomous vehicle, the car cabin has been shown to be used for other purposes. The washing machine could be connected to the autonomous vehicle by coupling the rotation to the vehicle motor and the dryer to air intake while the car is travelling. This way drying consumes far less power."
1,Design a resevouir that holds all of the detergent in a normal size jug so users don't have to store it.
1,Have variable sizes of washer for different loads of laundry.
0,Use the water from tap as a water jet to drive a turbine which drives the drum and spins it.
1,Treat the water with some chemicals before sending into the drum to improve the efficiency of washing process.
1,Change the angle of washing machine to let it use less water while washing.
1,Use alternative methods to heat the water.
1,Have a pretreat/soak option for tough stains and then automatically start the cycle once some time has elapsed.
1,Develop more specific washing method for washing different material and stain.
1,Machine that does not use liquid detergent. Instead it uses a cleaning process similar to dry cleaning. Water is not necessary and it keeps clothes fresh for up to two or three wears.
1,Increase motor speed to reduce water needed to clean clothes??
1,Have waterless washing machine that uses recoverable chemicals.
1,Different sizes of the machines to appeal to different users.
1,Make the machine have less vibration so it is quieter.
1,Remove the exterior paint.
1,The machine orders the detergent automatically once there is nothing in stock.
1,Use shock absorption technology for minimization of noise and vibration to allow faster spin cycles.
1,"Have smaller washing machine. This will reduce water requirements and energy consumption. It may also make users think about how much they are washing, because they have less space."
0,"Design a mechanism to suck out the dirt, similar to magnetic or hydrophobic separation."
1,Electricity can be generated when the cylinder is spinning.
1,Use the soap that doesn't make the water unusable.
1,Use the waste fibers from the clothes by filtering them from the water and utilizing it to make rugs and carpets .
1,Exercise machine can be integrated to help dry clothes.
1,Have a way of verifying that bleach is not going to stain the next load.
1,Determine the amount of water required based on the load weight and volume and save water.
1,Create chassis and weld together prior to painting to increase structural integrity.
1,Make drum size adjustable to accommodate the load size variability.
0,Forget about the washing machine. Have people reuse clothes until they fall off to conserve energy.
1,The washer connected to internet is able to provide live washing updates to smartphones. e.g.. notify users when the wash cycle ends.
1,Use natural based paint for body panels or use unpainted finish that uses less material and is cleaner.
0,"Utilize ""regenerative braking"" to capture energy lost when drum slows down between stages of wash."
1,"Give the user information about the characteristics of their load (mass, dirtiness, etc.) and then also tell them how much water/detergent/energy they will be using, and the eqCO2. This empowers the user to make lifestyle changes to decrease their total impact."
1,"Have side structural panels manufctured with recycled plastic, keepeing different colors and patterns which make the product attractive to young people."
1,Design motor to run off solar power.
1,A washing machine allowing to select dry-washing for not too much dirty clothes or wet-washing for heavily dirty clothes.
1,Have an outdoor washing machine that runs while it is raining and uses the rainwater to spin the clothes using the basic waterwheel concept.
1,Soak and press clothing to reduce the amount of mechanical motion.
1,Provide a digital read out of water used by machine per use/week/month/to make users more conscious of water consumption.
1,"Have cycles with optimal temperatures for mixed loads, to prevent washing many separate loads."
1,Have the hinge of the door be at the bottom of the door so the door opens to the top for easy loading.
1,The current counterweight used in the front end of the drum is steel. This material should be replaced with a heavy recycled material that can no longer be used as it intended to thus reducing the associated footprint of the washer.
1,Delay the start time for the wash.
1,The machine can rotate at where the door hinge is around where the drum opens to better fit the desired space.
1,Use a different floor/wall mounting technique so that the machine can be lighter without increasing operating noise.
1,"The shell is made out of glass so that users can look into the washer to see it operating from any direction, to improve aesthetics."
0,Produce with aluminum or other light and easy to recycle material.
1,Eliminate extra outer casing of machine.
1,Have a washing machine that is capable of washing smaller loads of laundry.
1,Further reduce the gap between inner diameter of plastic outer drum and outer diameter of stainless steel drum to reduce the amount of water use.
1,"develop more advanced washing mechanism, could be something like wash cloth one by one as we human do. This may be more efficient"
1,Have different designs to appeal different user groups. Do design research to determine the look of these and which possible designs these different user groups like.
0,Create fun advertisements so people are aware of the washing machines.
1,The washing machine with angled door (i.e.: 45 deg) with respect to the ground so that loading and unloading does not have to be done by squatting or leaning over.
1,Maybe find another common appliance in the house like dish washer to combine their actuation system to make the whole system more energy efficient.
1,Have some password or lock protection to omit kids using the machine.
1,Decrease the rotation speed of the machine so clothing will last longer and need to be replaced less often.
1,Shorten the time for washing and drying.
1,Add a device inside the washing machine that is moved around and helps know of dirt and debris on the clothes
1,Reuse materials from used machines to manufacture new ones.
1,Design drum that uses less soap.
1,"Determine optimal ""cleanness"" of clothes to maximize spinning power ratio."
1,Recognize when a hard object has been put in by accident.
1,Add bumps and ridges to inside of drum so clothes don't become a giant unbalanced wad.
1,"Make more options for the users so that they can fine-control the washing cycles. For example, the amount of water, more options for the temperature of water (not just hot,warm,cold). This will allow users to wash more delicate clothes and leave less damage."
1,The washing machine automatically turns off after 5 minutes of inactivity.
1,Collect water from rinsing at end and reuse it to soak clothes in the next load.
1,Make the washing machine quiet and emphasize how quiet it is in marketing.
1,Make the inner tub out of plastic or something more sustainable than a petroleum product.
1,The material used in the structure of the washing machine can be bio-compatible to have an optimized end-of life.
1,"Having a cool video, to market it, would help with user appeal. Like that Apple 'like video explaining all of the attention to detail that was put into the design, would make people like me want it. And probably a lot of the people that buy Apple stuff. The other videos about saving water in the news real style voice, could appeal more to a less-techy person. So you could have different marketing videos to market to different user groups increasing appeal and sales."
1,Use less overall material in the machine.
1,Make the washing machine a shape that allows the water to flow better.
1,Have a washing machine that automatically applies stain remover to clothes with stains.
1,Separate chamber to deal with different clothes type and different color of clothes because some white clothes would get colored with washed with colored clothing and some needs delicate care whereas some needs strong cleaning.
1,Use minimum material so that washing machine is sleek and doesn't take too much space.
1,"The main structure of a washing machine is made out of metal: keep the main structure of a sturdy material, but for all of the outer non-structural materials, construct them out of recycled plastics."
1,"Design a washing machine that has filters that could sanitize and reuse water in the wash cycle all over again, reducing water usage."
1,Use solar energy to power washing machines.
1,Use a drive train with different gear ratios to allow for smallest motor.
1,Combine washer with other similar appliances at home to optimize the energy efficiency of both.
1,Have a new washer mechanism.
1,Use raw material that could be locally sourced to reduce production cost.
1,A web enabled washer which can learn washing patterns and preferences of the user to better customization.
1,Minimize the weight of machine.
1,Use machine learning to learn user preferences in washing process.
1,Have a washing machine powered by battery and charged by a treadmill.
1,Make the washing machine silent with internal noise damping and cancellation features.
1,"Have different washing modes based on different clothing types (shirt, pants, jeans etc.)."
1,Use a hybrid motor to use water flow as well as electric power.
1,The machine keeps statistics about how much water is used each year.
0,"Attach an efficient water heater (with high heat transfer metal coils in a water tank) to the machine, so that if the user has an old water heater at their place, it doesn't use as much energy to run the washing machine."
1,Use a different mechanism for drying clothes.
1,"The machine is able to have lots of settings without using touch screens, since touch screen takes up more electricity and battery power."
1,Use the same drum for washing and drying adapted with sensors to identify the dirt level.
1,Using larger machines may be more efficient if user puts more clothes into it.
1,A washing machine that includes a small battery that can be charged eventually from human activity. This could help reduce electrical consumption.
1,Replace the hinged front door with a telescopic sliding door. This will allow the machine to be installed in even smaller space and be more user friendly.
1,Incorporate touch screen interface that sends a reminder when the cycle is complete.
1,"Remove superfluous packaging, which only adds aesthetic value."
1,Use geothermal energy to directly preheat water going into the washing machine.
1,Using a high pressure jet of steam and soap particles to clean clothes to Eliminate the need for a motor.
1,Have an option to pair washer to phone location so that washer runs when you leave home to be less noisy or annoying.
1,Provide a demand response feature for the power grid. Demand response corresponds to drawing power from the power grid at specific time of the day to maintain a balance between supply and demand. Utilities compensate the appliances participating in the demand response program.
1,Have the washing machine ads educate the population on more efficient use of the machine. Maybe washing certain types of clothes or ones having certain stains makes for a more efficient use of the machine. Saved time could appeal to the customers
1,Allow a timer on washer to run at night when electricity demands are low.
1,Design dual function drying rack holding rack.
1,Provide more direct information about energy use and water use and cost when selecting washing modes.
1,Have multiple mini drums in one machine to speed up time required for a small household with small load levels.
1,"Machine measures detergent and provides a warning when overused, preventing soap from spilling out and clothes needing to be washed a second time"
1,"Design a human powered washing machine. It could be powered by a treadmill or some sort of exercise equipment, such as stationary bike."
1,Find more efficient spinning speed to decrease the water use and energy use.
1,"Use water from showers and baths for washing clothes, and then pass on water to water plants."
0,Steam from kitchen can be used for driving the machine if possible.
1,Automatically dispense soap for efficient displacement of soap.
1,Have users load from the top and then it transfers it to a sideways drum either through a pathway or just rotates the whole drum before starting.
1,Put two chambers in washing machine for white and colored clothes. Filter water and reuse for both chambers instead of running the machine twice.
0,Washing machine detects dirt and automatically stops or continues cycle depending on how much dirt is detected.
0,Use coupled systems to reduce waste energy between modules.
0,Use computer vision to focus more on the dirty spots could reduce the work needed.
1,Make the production wise and efficient (i.e.. low carbon footprint to build).
1,Create a new type of detergent that requires less water and is more efficient in cleaning.
1,Two door systems. The clothes are put in through the top of machine and rotates to the side when the washing is done. Easier to load the machine and eliminates the danger of kids getting into the machine.
1,incentivize trade-ins of old washers for newer ones
1,"3D print some parts. It might reduce the original cost, but increase the maintenance cost."
1,Use cold water only for the washing machine.
1,Use local parts suppliers to reduce the emissions in parts transportation
1,Move manufacturing to a more sustainable facility.
1,Use automatically attachable or detachable flywheel for spin stage.
1,Using optimal control methods to identify new strategies for the washing cycle.
1,Have a rewards program for users so that they really feel great about being more sustainable.
1,Reuse washer water for watering plants.
1,Use non-toxic and biodegradable material to remove stains.
1,Water consumption can be reduced by finding a way to clean the soapy water and reuse it.
1,Save rinse from previous load to wash next load in.
0,"Use live organisms to clean clothes, like cleaning dirty water."
1,Have very good gaskets so that there are no leaks anywhere.
0,Biological enzymes automatically clean clothes and reduce overall energy consumption. Because of the enzymes the washer doesn't need to rotate reducing manufacturing cost.
1,"Snap on fasteners instead of screws for outer panel where leaking is not an issue will reduce the assembly costs, but may increase manufacturing costs."
1,Design the machine as a multipart system to dismantle and assemble again for the purpose of efficient distribution.
1,Implement a folding manufacturing process to reduce panel assembly time.
1,"Have agitators that can be present during ""washing"" phase at a lower spin-speed, but. can be absent during rinsing."
1,Use a detergent ball that contains detergent and outputs the detergent amount accordingly to the soil level or amount of cloths. Detergent ball will constantly hit cloths while washing so that it will reduce time and energy to wash clothes.
1,Use the rotation of the washing machine for energy harvesting (small scale) to generate power to power up small electronics like cell phones.
1,"For more efficient assembly, a self-assembling origami structure could be used as the outer section and inner retaining brackets. This structure could be stamped out of a single piece of metal, with compliant joints at the hinges/edges of the box."
0,"The data gathered by the washing machine can be gathered and analyzed across neighborhoods and cities to analyze the water usage in the washing machine as a function of the region, time and water availability."
0,Only allows washing of matched socks.
1,Harvest energy and reuse machine on vehicle wheels.
1,"Translate energy lost to pistons to generator power source (lights in the house, etc.)."
1,Minimize the number of components on the surface of the machine.
1,Design a washing machine where you could put a basket of different items to be washed and the machine will separates them into different loads that maximize power consumption and usage.
1,"Top-loading dryers are more convenient but front-load are more efficient. Have a washer that can be loaded from the top, drum ""rotates along major axis 90deg, and then begins wash cycle."
1,"As opposed to dedicated shock absorbers inside the washing machine, the structure itself could be designed to absorb the vibrational load and provide damping. This could involve, for example, compliant mechanisms on certain parts of the structure whose natural frequency was tuned to match the drum vibrational frequency at different drum speeds, and which would then dampen the vibrations. Multiple different sets of mechanisms could be used to dampen different frequencies."
1,Use gray water washing machine that only allows certain types of environmentally friendly detergents.
0,"It could use your home's Wi-Fi instead of it's own cellular connection, so that it saves user money and energy."
1,Thermal energy will be dissipated by spinning the stator motors. That energy can be stored and reused.
1,"Have a cool interactive outside to appeal to kids, so that they can lobby their parents to buy one. Could use some cool mechatronics, interactive artwork on the exterior to make it a piece of art that can appeal to kids."
1,Design energy recover systems at the vibration dampers for alternative use.
1,"Let the washer fill part way with water and mix with the soap before users put clothes in. It might appeal to customers to have the detergent pre-mixed with the water, or to spray in from multiple locations at once instead of all getting sprayed on just one clothing item."
1,"Use Siri like features to be able to talk to the machine and let it ""know"" the kind of clothes its dealing with."
1,Separate the drum into compartments such that the loads can be more evenly distributed along the perimeter. This could help reduce vibration which makes it more appealing to the customers. Reduced vibration can also improve energy efficiency of the motor.
1,Make the exterior of the washing machine more stylized in the form of environmental qualities to make the user more aware (even subconsciously) of the environment during use.
1,Locate manufacturing facilities in various locations to reduce transportation cost.
1,A human powered washing machine may be useful. Leg powered using a bicycle kind of pedaling mechanism can be used to rotate the drum inside which the clothes are washed. This reduces energy consumption in the form of electricity.
1,"Compute a ""green score"" for each wash cycle based on water, energy and detergent used and give users a green score target. Maybe give some incentive if a particular target is hit."
1,Phone charger built into machine for community use
1,Add a module that keeps the detergent for a longer time and sends an alarm when there is no more stocked.
1,Find a better water and detergent distribution in the machine to help with washing efficiency.
1,"Have one item wash mode for very fast, and low energy washing."
1,Have a speed mode: mode that washes your clothes extra fast when you are in a hurry.
1,A machine which can fold the clothes after drying and ensures clothes do not need to be pressed again.
1,Use material recycled from used product to decrease cost of raw material.
1,Make the machine out of strong injection molded plastic to reduce the cost of making them in high volume.
1,Have workers assembled all parts instead of robots and workers.
1,"Market products on water saving feature, appealing to consumers who have knowledge of the need for water conservation. Target locations such as California which are undergoing droughts."
0,The machine uses heat from HVAC systems to heat water/air for washing and drying.
1,Use 3d printers to manufacture washing machine parts.
1,Change design of the spinner so that it spins and dries clothes faster.
1,Connect washing machine to provides information on sustainable practices and what resources to use.
1,Have a talking washing machine.
1,Water is heated by gas vs. electricity (gas is cheaper in some states) so it appeals to customers who live there.
1,Combine spin drying and hot drying.
1,Use vacuum to kill the bacteria.
1,During the rinse cycles recirculate the water from the bottom of the drum to the top and spray it into the drum. This will help rinse out the clothes while reusing water and decreasing the spin cycle time.
1,The laundry basket senses how dirty clothes are and separates them so that some loads only wash relatively clean clothes and don't have to use as much detergent.
1,Incorporate a drying aspect to the machine to hybridize its function.
1,"Couple the washing machine directly to renewable energy sources, and sell the two together as a package. This could include wind, solar, or geothermal."
1,"The machine would be a front loading machine capable of spinning at higher speeds than conventional machines, thereby producing less water content in the fabrics after the wash cycle. Due to low water content in the clothes, the dryer function in the machine would not have to be as powerful or use as much energy as conventional dryers."
1,Definitely make the washing machine a front loading device with a wide door that has a large range of opening.
1,The washing machine's rotational movement could be used to charge a battery and save energy.
1,Use a complete automatic system with no human intervention to save time during manufacturing.
1,Have a washing machine with integrated counter top so it can be used for other things.
1,"Have an intuitive user interface, like simple control panels that could make the product more sustainable."
1,Install a scale and camera on the inside of the washer. The scale will be used to measure the weight of the items inside the washer and will determine the amount of water needed to clean the load. The camera will use image analysis techniques to determine the types of items in the load and automatically set the best water temperature and spin speed.
1,"Before adding water, a shake out mode is use to shake out most dirt."
1,Remove paint from external parts to reduce amount of material cost.
1,Design a light and portable washer that can be taken on the go to wash clothes whenever needed.
1,"Even though the drum may look rustic, its appeal can be improved by using different colors and materials, especially easy weight."
1,Use fewer fasteners to speed up manufacturing time and reduce weight.
0,Create a mix of detergent with the some kind of pellet particle to provide a deep clean with less amount of detergent.
1,Manufacture machines differently to make it last longer.
1,Use easily manufactured body with sophisticated outer shell to give appearance of very high quality.
1,"Machine stores soap water from a wash and reuses it for the next wash, which will reduce water and soap usage."
1,Provide visual feedback to the user regarding the overall energy consumption from the washing machine.
1,Harvest thermal energy in the washer to save energy and use it to heat water for other household appliances.
1,Design a machine that requires less water.
1,Allow people to customize the water level in the washing machine during wash cycles.
1,The machine will automatically determine the cycle time to save energy.
1,Use some decomposable absorbent that can be thrown into laundry load to help absorb dirt and oils but does not consume that much water.
1,Have a laundry basket attached to washer that automatically loads and starts washer when it gets full.
1,Build in sensors to enable washer running when electricity is at its cheapest price to reduce cost.
1,The pistons below the drum are designed to dissipate vibrations that occur due to unevenly distributed weights. These should be replaced by springs which are connected to some type of generator so that some of the dissipated energy is then recaptured.
1,"Use some fuzzy logic controller that adjusts the water temperature, water volume, and detergent volume to get the best wash cycle to save on water and detergent."
1,Have a washing machine that does not need to be connected to the main water line in the house so it can be used at home without a hookup.
1,Use wasted water to cool motor to increase efficiency.
1,"Looking at the washing process and optimizing it to potentially reduce the time spent doing the job, which would reduce energy and water consumption."
1,Route used water to your sprinkler system so it waters your yard.
0,Use chemical based washing instead of water based washing.
1,"Have a way to collect the steam and condense it, filter it for later use. Save on water."
1,"Use two wash drum, concentric from each other, with smaller drum at the center and bigger one on the outside."
0,Have washing machines that can use shower water and human soaps to wash clothes.
1,Make the amount of water that is used by each setting visible.
0,Reduce vibration of the machine and if not possible then use pressure sensitive (piezoelectric) materials to convert the vibration into energy.
1,Use steam for cleaning when clothes are not super dirty. This can reduce water use and decrease use of chemicals.
1,Movies or other media can be projected on to the door so that kids can be entertained when parents are doing laundry.
1,Design a smart washer that knows the type of material and optimizes the washing cycle accordingly to conserve resource.
1,Machine with a chute or feeding tray for loading and a basket for unloading. Drop the clothes in the chute and the clean clothes are put in a basket.
1,Make the washing faster so that users save time and energy by not having it run as long.
1,"Have a hybrid washing machine. Part electricity part solar, or wind or human powered etc."
1,"Can detect a solid mass tumbling around throwing off the stabilizers, such as a phone, and set off a warning or stop the washing process."
1,Spray water equally in mist phase for soaking laundry faster and using less water.
1,"The machine is resistant to different types of detergent, especially those more corrosive."
0,Automatically detect when clothes are clean enough and stop cycle.
1,Introduce environmentally friendly detergent so that the waste water can be further recycled.
1,Use easily manufactured parts and pieces that are easy to put together on the assembly line.
1,"Use additive manufacturing to make more parts at once using robots, and require less labor from human factory workers."
1,Have fabric cover instead of painted and stamped steel cover for washing machine side panels.
1,Use new material to make products that generate less force or are less energy-consuming.
1,Machine has a voice interaction system and can be controlled by users' voice commands.
1,"Instead of using polymer beads or a cleanser similar to dry shampoo, the washer could require an advanced detergent that latches onto the dirt and stains and removes itself from the clothing. This detergent would not need to be rinsed out because the dirt is in the water and not on the clothes. This method would eliminate the need for a rinse cycle and reduce water usage."
1,"Having different parts of the washing machine structure vibrate when the drum is running at different speeds could be an aesthetically appealing function. for example, if the top right of the washing machine vibrated during permanent press spin cycles (slower) but the top left of the machine vibrated during cottons spin cycles (faster), then a user could visually determine what settings the machine is using. This functionality would be a fun visual way to tell from a distance what was selected."
1,Each leg has a hydraulic or some type of shock absorber that drastically lessens the noise and shaking.
1,LEDs that consume less power could be used to make the washing machine aesthetically pleasing.
1,Automatically loads clothes into the dryer after wash.
1,"Design the machine to have fewer parts, which means easier assembly line and lower manufacturing cost."
1,Change the construction materials and 3D print it.
1,Have an app that shows exactly how much water is being used. Plays customized alarm when done
1,Funnel that automatically sorts clothes and clothes types and sets the appropriate setting.
1,"For communities near salt water sources, wash water using salt water. decreases environmental impact and costs less for consumers. Salt may also have additional cleaning benefit"
1,"Portable electric washing machine that is made of lightweight materials, and smaller than conventional machines and requires smaller loads."
0,"Create an eco friendly spray that could be sprayed on clothes to cleanse them of any bacteria or smell. While this is not a washing machine, it will increase the number of times a user can wear a garment in between washes, thus saving on water and electricity."
1,Have color safe panels built into the machine to catch potential color bleeding.
1,Use more sensors.
1,Use alternative affordable materials (such as aluminum) instead of steel if the loading permits such use.
1,"Introduce a soak cycle, which allows clothes to soak in detergent for ~10 min before wash cycle begins, thereby reducing electricity consumption associated with actively ""tossing"" clothes."
1,"The machine learns your habits, and cycles. It can use the most economic cycle depending on load size."
1,Paint the machine fun colors.
1,Test out different methods of actuation for the washing machine. Perhaps linear motion or some other combination of motions.
1,"The interactive UI can be used to provide advices to the user on how to treat and wash different clothes, e.g. what kind of detergents to use, and whether they can iron them or not."
1,Go from traditional washing machine designs (spinning tumbler) to maybe a different shape such as a rotating sphere where clothes would be placed inside.
1,Have larger load capacity so people can wash more at once.
1,Have a smart washer/dryer combo that users can control with an app so that all settings can be done remotely.
1,Design a power machine with artificial intelligence that will wash clothes linens at times when power consumption is cheaper.
1,Reduce amount of material used to lower cost and reduce energy needed to run.
1,A washer is capable of harvesting and converting some of the rotational energy from the drum into pneumatic energy for pressurized rinse cycles.
1,Harvest vibrations from washing machine somehow to generate electricity.
1,"If the motor mounting point was moved from one extreme end of the washing barrel towards a more central location, then fewer counterweights would be needed at the opposite end. The added weights make spinning more difficult and therefore reduce the efficiency."
1,Simplify construction so that machines can be assembled by users and reduce cost to consumer.
1,Use closed loop water recycling system.
1,Coat the inside of the laundry machine with the dirt absorbent beads; have a marker that changes color like toothbrush bristles when they have been overused and the sheet of them needs to be replaced
1,"Use less water and detergent by customizing the amount based on a combination of factors such as clothes type, environment temperature (for drying) etc."
1,"Educate users to have more efficient wash, for example wash less dirty clothe first."
1,"You could have the washer and drier in the same box, so that it could intelligently turn off, and start the drier when it saves the most electricity, or when you aren't sleeping, or just right after if you want it done immediately"
1,"Make the washing machine smaller, thus encouraging users to do smaller loads of laundry."
1,During the final assembly stages of the washer many of the parts are screwed and bolted together by hand. This process should be done by a fast and efficient robot instead.
1,Use the water from the washing machine to fill and flush toilets.
1,Incorporate water filter for water re-use in subsequent wash cycles. There could be a (hand-washable) filter and a storage tank in the washing machine that collects filtered water from prior wash cycles.
0,Accomplish washing and drying simultaneously.
1,The machine has ability to save settings from wash to wash.
1,"The washer motor can also be made to drive a companion dryer through some sort of transmission system so that one motor can spin either one or both of the units, thus eliminating the need for a motor in each unit."
1,The control panel can be powered by batteries charged by solar panel or by a dynamo connected to the machine rotor.
0,Have a super fast washing machine.
0,Look into reducing the cost of the machine by getting them manufactured in a more efficient way.
1,Use low temperature washes or strategically heated water.
1,Reduce the friction present from spinning the drum so that power consumed by the washer is reduced.
1,Have a washing machine that corrects you when being inefficiently used.
1,Customize cycles for certain types of washes.
1,Have the machine run for less time.
1,Develop a combo of washer and dryer system where shaft motion of dryer is used to charge a battery or power dryer cycle.
1,Make machine smaller to prevent wasteful small loads in larger machines.
1,Make the height adjustable for ease of access.
1,Use alternative of water like absorbable beads.
1,Examine steps in the manufacturing process that can be eliminated or combined to reduce production footprint.
1,Install LEDs for the machine to look cool.
1,"Have the washing machine weigh how much clothing it is given, and allocate water appropriately. This will also increase product's appeal because it is techy, and people like that. It will save them money when they have small wash loads."
1,Use a new motor design.
1,Improve the functional attributes of the washing machine and make those more apparent to the users when purchasing the product.
1,Use the cleaned water from dishwasher for the washing machine.
1,"For a washer/dryer unit, if the dryer is running simultaneously, use waste heat from the dryer to warm up water for the washer."
1,The washer is able to send notifications to phone when it is done to reduce chance of mildewy clothes.
1,"If the machine has a drying cycle, the last washing cycle could be just long enough to allow proper drying."
1,Make an interactive app that sends users information about water and energy consumption and that also suggests how much money has been saved and how much still can be saved if the machine is used differently. Actually numbers could stimulate people to use the machine more efficiently.
1,Have the remote control system instead of touch panel as an app on smart phone to specify the cloth and color and by having the weight measuring system. The machine can automatically decide the amount of detergent and water amount and temperature.
0,Design a motor that uses gravity to power the drum instead of electricity.
1,Have a monthly maximum power/water output from the washing machine that users cannot exceed.
1,Borrow concepts from dry cleaning to design a cycle option that reduces water usage through the addition of specific chemicals.
1,Provide manual operation as an option to save electricity and give some incentive.
0,Have ultrasonic washing machine to reduce the need for water and to decrease washing time.
1,Control the heat for water.
1,Use nano-material in door seals to have a perfectly water-proof machine.
0,"Design disposable or decomposable clothing, which would eliminate the need for a washer."
1,load sensing strain gauges could be used to use minimum water in combination with the polymer beads.
1,"The machine can store the entire detergent container and it will use the required quantity of it according to the mode of use. This will reduce the effort needed on the customers' part. Multiple detergents can be loaded, mixed and used."
1,A washer which automatically senses the colors of clothing put into it enables it to pick the most appropriate wash cycle.
1,Combine washing and drying machines to reduce machined parts.
1,"Use rust-resistance materials for the front door of washer. Use some kind of material which use less water to clean cloths, and use higher speeds for washer."
1,"Have a washer that is capable of recycling water to be used during multiple washing cycles, or that is connected to other devices in the house that also use water."
1,"Eliminate conveyor belts from manufacturing process, have employees do more of the movement themselves (less time efficient, but more energy efficient and probably more engaging for employees)."
1,Design inside tube of washing machine so that it can create a more efficient washing cycle without having to use much force (energy) or water.
0,Use synthetic material to agitate clothes and minimize the water required.
1,"Use a combination of multiple dampers to reduce vibration from multiple stage, i.e., frequency of tumble stage, spin stage, etc."
1,Use wind turbine to power up washing machine.
1,"Use mist or steam (like some new shower heads that use 20% as much water, but still feel like a regular shower) to reduce the amount of water needed to clean the wash load."
1,"Have the washing machine make recommendations to users on how they can reduce the energy or water they use, for example, which types of clothes they can combine in a load."
0,"Collect energy from home as part of the power source for the machine, such as floor vibrating when walking around, and running tap water, etc."
1,Simplify the number of parts or materials for lower manufacturing cost.
1,"Increase user awareness of washing machine in use: make it loud or bright while in use, making users more aware of how often they use it, and perhaps decreasing water usage."
1,Have two concentric washing areas so the inner one can rotate at lower speed meant for delicates.
1,Create an advertisement showing the effects of the current drought in certain States and emphasizing how much water traditional washing machines really use.
1,Use sensors that detect leaks and increased vibration than normal could potentially prevent water loss and component destruction during a product malfunction.
1,Use multiple motors to counteract each other in weight.
1,Create an exchange/warranty program where consumers can trade in their old model and get a newer one. High value parts such as the washing machine drum from the traded in model will be used in future revisions.
0,Everyone goes to a laundromat that uses really efficient and expensive washers.
1,"Use software to allow users to control drying time , air temperature and spinning speed while they are guided towards the most efficient cycle."
1,Design washers that integrate drying of an alternate load to maximize use of energy.
0,Subject the clothes to a vacuum and send water through the fibers to prevent water waste and eliminate the need for any spinning or gyrations.
1,Have a delicate option for underthings that would just allow soaking and then gentle agitation to work out the dirt. It would minimize water waste compared to hand washing in the sink.
0,Develop a lighter motor so less material are necessary to counteract weight.
1,Have a green colored washing machine.
0,Add more sensors to have machines utilize less water and soap.
1,Use an internal scale to weigh laundry with a limiter to show users when a load is too large and will require too much energy.
1,Connect washing machine to a device to track cycle progress.
0,Have a washing machine that stores the water outdoors in the sunlight so that it is naturally hot instead of having to use energy to heat the water.
1,"Modularize washing machines so that expensive component can be reused. e.g., the motor."
1,Have real time energy consumption feedback to the user as a subjective norm in order to motivate them to conserve energy.
1,The smart washer connected to a centralized app that can detect when is the optimal time of the day for greatest energy savings.
1,It seem users would prefer a more elegant visualization of the product. So change the side panel material and colors to make it more customized to the users.
1,The front door and the rear panel can be assembled at the same time as everything is moving on the conveyor belt. This may also help to save time.
1,Use different material to build machines.
0,Use a dirt detector.
1,Improve nozzle or spray design so clothes are thoroughly soaked.
1,Use turbulence that is generated in water jets to significantly increase efficiency.
1,"Increase the drum rotation speed slightly more so that higher centrifugal forces may get rid of more water from clothes and reduce drying time and cost. It may also eliminate the need for drain pump, thus save cost further."
0,Group the cloths based on how dirty they are.
1,Keep track of the amount of water and energy used so that consumers are aware and can adjust accordingly.
1,The machine is compatible with sustainable energy sources to be used in remote areas.
1,Use adjustable size container for more efficient washing with different size loads.
1,Reuse the water from rinsing the clothes in toilets to reduce overall water consumption.
0,Redesign clothes so that they do not need to be washed
1,System should give more space to the clothes and user while keeping the dimension of the system small.
1,Save detergent by having to fill once a month and letting the machine decide how much is required.
1,"Use beads to clean up water after it has been used, even though this method does not produce as good of cleaning."
1,Reduce vibration to be more energy efficient. Also work on dynamics and control water flow in.
1,"Integrate the machine with the design of house, to make it less look like a machine."
1,Iron the clothes after washing and drying for convenience.
1,Removable drum is also a laundry basket sleeve.
1,Develop a filtering system to clean up waste water and reuse it.
1,Make the color of the washing machine earth toned.
1,"Have two concentric washing areas separated by a fabric mesh, keeping the delicates from too much disturbance. This allows you to be able to wash delicates and other clothes at the same time."
1,Recycle water from your sink and shower. Use it to clean clothes after processing the water. No user input required.
1,Use two drums rotating in opposite directions to counterbalance each other and eliminate the need for concrete counterweights.
1,The outer structure of the washing machine is composed of multiple panels that are assembled during production. These panels can perhaps be made from a single piece of injection molded recycled plastic.
1,Allow for an air dry mode to reduce energy spent in spin cycle.
1,Use alternative material to counter the weight of the motor
1,Have a transparent machine to let people see the washing process for fun.
1,Use a curved outer shape so that the outer body can be made as one piece to get rid of some assembly steps.
1,Minimize the size of washer.
1,Recycle treated water instead of using fresh water.
0,Use water being pumped out to run a small dynamo such as to power the display electronics.
1,"Have alternative settings on the machine, so that if the user is washing something that doesn't need as much water (or as much hot water), the user can communicate that to the machine, and it will wash accordingly."
1,Include a basket for more delicate clothing and allow washer to be used more efficiently and appealing to consumers.
1,The machine has rounded corners on exterior structure for a friendly appearance.
0,Use alternative bearings such as magnetic ones to increase spin-speed and reduce wash time.
1,Shared washer and dryer with other people that don't have full loads.
0,Have a washing machine which uses steam and soap spray to clean clothes. Will not require a high power motor.
1,Use less pressure and more momentum. Just toss it around.
1,"By comparing the weight of the clothes before and after washing, the level of dryness can be measured. This can be used to adjust the time required to dry the clothes."
0,Have a washing machine that uses and stores rainwater outdoors in the sunlight so that it is naturally heated up.
0,Have dynamic washing based on dirtiness sensor readings. Things that are cleaner don't need as much washing and can save water.
1,Build in a hand washing mechanism.
1,"Increase spinning speed of the washer, which will allow the cycle to be completed faster and the clothes be drier. Thus it requires less time in a drying machine."
1,Cleanse smoke with odor diffuser.
1,Use active damping to reduce noise and vibration to appeal to consumers with small apartments.
0,The machine can employ a smarter way of spinning so that energy is not wasted so much in vibration.
1,Use door hole as a display panel so that the information on the wash is projected onto the clear glass door.
1,Load clothes from the top and have sensors on the sides so machine is more efficient in cleaning and person doesn't have to bend down to load clothes.
1,The outer body is made of plastic instead of aluminum.
1,Takes less detergent and uses less water.
1,"Strongly brand the environmental aspect of the machine vs what other washers do (energy comparisons, water comparisons, equivalent emissions, etc.)"
1,A machine using both rotating and pounding action for cleaning.
1,Store water from different stages in the washing cycle and use it again if there are multiple uses in the day.
1,Change the geometry of drier to save energy.
1,Design better cleaning cycles to reduce soap usage and discharge.
1,Use quieter shock absorbers inside washing machine.
1,Mimic the water dispense system off of how the passages in and mounds are.
1,Use solar power to heat up water.
1,Implementation of touch screen and automatic load sensing is a must in order to determine water levels needed automatically. Also the machine has a no-water-wash option.
1,Use organic plastic substitutes for plastic.
1,"Reuse water from first cycle to wash other clothes that do not require ""delicate"" treatment."
1,Have a washing machine that you add a bunch of soap once a month or every few months and then it automatically dispenses necessary amount of soap each time you start a new cycle.
1,Have a combo of dishwasher and clothes washing machine.
1,Disassemble machine and look for parts that can be removed or simplified.
0,Use runoff water from roof for the wash.
1,Reduce the size of the machine so it can fit in compact space.
1,"As minimalist design is appealing to customers, determine the top few parameters that most significantly affect wash cycle efficacy, and then create customization within those."
1,Design an electronic data log to record the product's usage information for reusability assessment and problem diagnosis in order to facilitate repair.
0,"The machine will use sensors to detect how heavy the load is, or even soil levels, and develop an algorithm to autonomously decide the optimal water levels, spin speeds, and wash time for higher efficiency."
1,Filter water through a dense block of those dirt absorbent beads in order to reuse some portion of used water at some stage of the next wash to save water.
1,Reuse the water if the previous load of laundry is not very dirty.
0,Add a flywheel to the machine to keep it spinning.
1,A vibration sensor to reduce drum speed to minimize vibrations and noise pollution.
1,A machine that operates on a cable/pulley system using a counterweight that moves continuously in cyclic patterns to do the spinning and wringing out the water of the clothes.
1,"If the machine has more than one washing cycle, the first one does not centrifugate or spin-dry the load for too much time."
1,"Attach a small washing chamber on the underside of a car/other transport vehicle. The natural vibrations of the vehicle will be the ""gyration"" that scrubs the soap into the clothes"
0,Sell and install the washing machine with a rainwater retention basin.
1,Use application of internet of things.
1,"The drum can also have two taps/sockets, one on each side, to fill and remove water easily, instead of lifting the big cans with water."
1,"Add a complimentary clothes line and clothes pins, and encourage air drying."
1,Improve the electrical circuits such that they are modularized and easy to manufacture assemble and reassemble.
1,A small attachment that can be affixed to a shower wall that uses some of the falling water that is not used to clean the individual that would otherwise be wasted. An individual can wash their clothes from the day in each shower they take.
1,Enhance spinning to eliminate the need for a separate dryer unit.
1,A drum can be used with pedals attached. It can be mounted and used as a stationary bicycle to wash clothes inside it. It can have a diagonal fin to agitate clothes.
1,Optimize water usage ratio between rinse and wash cycles to decrease overall water consumption.
1,Have an almost manual washing machine where the consumer must become super aware of the amount of water and time it takes to wash clothes.
0,"Collect rain water, use natural filtering to make it clean and use it for washing cloth."
1,Use rechargeable batteries to power the washing machine.
0,"Create ""smart bacteria"" that can be used instead of detergent to break down dirt particles and wash clothes without the use of detergent."
1,Poly lactic acid (PLA) made from corn could be used to make exterior panels of the machine.
1,Increase reliability by removing features that just add more buttons and potential problems.
1,Use the humidity from the dryers in the HVAC system.
1,Have a workout equipment that washes clothes.
1,"Fully incorporate soaps, detergents, softeners, and chemical cleaners into machines to create a smoother customer experience and prevent over use by consumers."
1,"Make the machine easy to move with additional wheels, and it might help with cleaning the area."
0,Look into a reduced vibration design. Maybe it does not even have to spin. Perhaps a giant pressure washer type design would also work and may even be more efficient.
1,Educate users to help user to divide up washer load more effectively.
1,Have an efficient use of water.
1,Construct the external shell of the washing machine with recycled plastics/repurposed wood planks. This way the machine looks novel and in the case of the plastics. It can be made to look transparent and expose the inner workings of the washing machine.
1,The washing machine can record the electricity consumption pattern of the users and then suggest optimal time regarding to electricity price brackets for use of the machine.
1,Manufacture the combined bottom panel and side panels of the washing machine so that it will reduce time and effort while manufacturing.
1,Remove the window.
1,The changing color of the whole machine that indicates whether the washing is done or not.
1,"For customers who care about carbon footprint, provide a periodical analysis of the energy and water efficiency of the washer."
1,"Improve the assembly line, and have automated assembly process."
1,Design more efficient motors that consume less power.
1,"For the exterior, use wood or other sustainably sourced materials to decrease total impact of the product."
1,Make the machine of smaller size so it could fit into closet or kitchen. It could also appeal to people living in small apartments or small families.
1,Make the motor and other components sit more central so that a concrete counter-balance isn't needed.
0,"Remove dirt, organic stains and filter them into sustainable or bio-degradable locations for composting of manure generation."
1,Have transparent exterior to allow users to watch as it functions.
0,It could use gray water somehow to save water in drought prominent areas.
1,Have multiple detergents (like special stain remover) installed.
1,Make washing machines out of recycled plastic.
1,Use lighter but strong material for the spinner so that motor doesn't have to work as hard to spin. Thus it saves energy.
1,Make it play CCR to mask the sound of the machine so that people enjoy using it and do not become annoyed with the noise.
1,Have mobile access to the machine and automatically turn it off.
0,Use power conveyor belt with employees on bicycles.
1,Disperse the detergent through the walls or into the water supply so it is spread evenly and not just concentrated in one area.
1,Each office has efficient washer/dryer that employees use so that each employee doesn't have to buy a very expensive one.
1,Elevate and slant the drum more to allow water to drain better.
1,Improve energy efficiency from smart rotation regime setting based on load and dirt.
1,"Passive damping mechanism could be used to replace the expensive gas springs. For example, tension network structures (""tensegrity"" systems), have tunable stiffness and damping which are only controlled by the number and orientation of cables. These structures are cheaper than gas springs, since seals and bearings are not required."
1,"Come up with efficient energy conversion from electricity to mechanical movement (i.e., spinning)."
1,"Incorporate drying mechanism inside the washer itself, so that when the clothes are dried and the water vapor exits the wash chamber, the water vapor can be re-captured and re-used in subsequent wash cycles."
1,Use magnetic induction based heating and washing (sonic vibration).
1,"Use alternative energy source, such as connect to wind turbine to leverage rotational kinetic energy as opposed to electric energy."
1,Ultrasonic wave can be applied inside the drum to detach dirt from the laundry and use less detergent and less tumbling energy.
1,Use rfid tags that specify wash requirements to simplify the process of washing various types of fabrics.
1,Use freeze cleaning.
1,The washing machine can act as a storage for clothes and will wash whenever the cloth is dirty or smelly.
1,"Since some bulky clothes or blankets need more rinsing, make some more options for the users to set the rinsing cycle to be twice as long."
1,Make it possible for the user to specify how dirty the clothes are in a scale of 1 to 10 and the washing machine can adjust the amount of detergents to use.
1,Add sound absorbing liner to reduce cycle noise.
1,Analyze relationship between spin acceleration rate and energy consumption to optimize the use of electricity at the beginning of spin stage.
1,"An internet connected washer with access to energy price data, allowing it to schedule washing tasks when electricity is cheapest."
1,Create a product which can be easily upgradable or repairable to reduce new purchases.
1,"Use steam cleaning, so that the clothes can be hanged inside the machine and be ironed and cleaned at the same time."
1,Have a washing machine that has LED readouts and membrane switch buttons instead of the more traditional nobs or dials and tactile buttons.
1,Use new material to make clothes that need less cleaning.
1,Paint the washing machines in different colors to coordinate with people's home decoration.
1,Machine has learning abilities and automatically sets the time and type of wash cycles based on user wash history.
0,"Incorporate a heat exchanger inside the washing machine to re-capture the heat that's lost to the environment due to machine operation, and use that energy to power the washing machine later (for example, add a rechargeable battery). The heat that could be captured could be from the motor mechanism, or from the hot water that exits the appliance after a hot-water wash cycle."
1,Have an old fashioned hand crank if people want to power their washing machine that way.
1,"Bring buttons back: let users save their favorite washing cycles in several buttons, maybe from 1 to 5, like slots."
1,"Use mechanical agitation in the absence of water to remove larger particles from the clothing, and only use water in later cycles to remove small dirt particles, thus reducing water usage."
1,"A washing machine that is taller and thinner than normal, to avoid having such a larger footprint, but capable of the same capacity."
1,Install and attach the machine to the floor so that the weight of the concrete and therefore the weight of the machine can be reduced to reduce the transportation cost and impact.
0,Have service model for centralized laundry. It creates jobs and scale to improve quality and efficiency
1,Provide a way that users can monitor the amount of overall power consumed by the washing machine during each cycle and track this use over time.
1,Create odor and stain removing sticky tabs that you just need to use in the areas of your clothing that you need to wash.
1,Use natural materials that can be easily renewed.
1,Have white and non-white modes for the machine and allowing usage of only certain detergents for white clothes and non-white saving the environment from use of harmful products.
1,Have a whitening cycle that whitens better without bleach.
1,Allow customers to customize color and style for different parts of the machine.
1,Washing drum is made corrosion free for longer life.
0,"To save water, blow out dirt with air and then use less water for cleaning."
1,"Have a door that opens all the way upwards so that it lays on top of the washing machine, to enable easy loading."
1,Use a touchscreen because everyone loves touch screens.
1,Use sensors to control ratio of the amount of water and detergent.
1,Have easy loading and deloading feature.
1,"Display has a ""time remaining"" indicator for the wash cycle."
1,Use unibody style design to reduce parts and increase quality.
1,Use bio-inspired design once again using how ants have scoops on their sides that manage water.
1,Have an efficiency indicator to allow users to see the results of their behavior.
1,Use human powered washers.
0,Optimize washing of loads given the amount of clothes and dirty particles present. Using sensor would help find the minimum amount of water and spin cycles needed to get the job done.
1,Shrink design for smaller load capacity for people who live alone.
1,Re-design the drum with a geometry that keeps clothes more separated from each other and prevents clothing from stacking on top of each other. It might help speed up the cleaning process and reduce water usage.
1,Use water flow as a hybrid power generator.